sequence,request_id,status_code,latency_ms,success,error
1,9d42f9ba-39d1-4843-97ff-62b967955ee6,500,1481.4047999680042,False,HTTP 500
2,782c09f8-cec1-476d-b4f5-c9ce2b0350a3,200,12155.486600007862,True,
3,eaca15bd-5314-47d9-845a-c5e81c614ba6,500,1461.1615999601781,False,HTTP 500
4,e1ad8640-32bf-459b-8c7e-5c02b3b5cb3b,500,1492.413000203669,False,HTTP 500
5,d4149756-8052-401a-b0d3-880448d55627,500,1499.2937000934035,False,HTTP 500
6,6abb9d58-e26b-47a7-8aa3-5f263306b1eb,500,1524.4787998963147,False,HTTP 500
7,5cca3ebc-2407-4c9c-8bc7-7f557888ea35,500,1539.2838001716882,False,HTTP 500
8,316cfac1-34bf-47c3-ac36-b8c2caed1908,500,1505.9269999619573,False,HTTP 500
9,12deef6f-b104-4c80-bec2-be24f31613bb,500,1540.6935999635607,False,HTTP 500
10,18624906-2e62-4449-8c09-4d2b92186f9c,500,1470.6445999909192,False,HTTP 500
11,ad4f262b-3f9b-45ee-8997-e04b07664b32,500,121.37380009517074,False,HTTP 500
12,59b3fc80-7da3-4d1b-83e8-69a7e4f2c747,500,210.5173000600189,False,HTTP 500
13,83f56db6-d6e5-409b-9bb4-254654e37af8,500,147.70930004306138,False,HTTP 500
14,c192046a-c616-4ba7-b7e6-5651e5f4561d,500,228.57160004787147,False,HTTP 500
15,eaac2917-1976-44c7-81ab-95e419974b3c,500,239.5166999194771,False,HTTP 500
16,7d68d2ec-c623-4eca-8e2d-f1202f841557,500,181.53179995715618,False,HTTP 500
17,47ae3e02-7c69-4850-893b-8528458236f0,500,170.84340006113052,False,HTTP 500
18,afbb0b1f-1d41-430f-bb35-703d9e79fd68,500,651.6613999847323,False,HTTP 500
19,4613fc74-263e-4cf6-8d3c-0059619dfecc,500,135.47730003483593,False,HTTP 500
20,d3af7cdc-31bd-4d86-84a8-1888a44c1496,500,624.2940998636186,False,HTTP 500
21,77c37e68-8edb-4d09-b132-b81b05b37b86,500,578.0811998993158,False,HTTP 500
22,66ffc346-99cd-4c30-8cea-9f159986fdb7,500,527.7454999741167,False,HTTP 500
23,3a1ee53b-3716-4bab-99e5-aa3ec358c363,500,543.5463001485914,False,HTTP 500
24,b2954b4e-7160-4b17-9c00-3dd481794181,500,537.5214000232518,False,HTTP 500
25,1e21f523-58e0-4f9f-83a3-4cb2df2fde1b,500,552.4865998886526,False,HTTP 500
26,771da7ad-5834-4bef-b26a-ec02fc12de27,500,582.2578000370413,False,HTTP 500
27,7121e1eb-7ee5-4f12-a5ca-b90f37ada5b2,500,491.53189989738166,False,HTTP 500
28,db37e75c-8c45-4d62-9b69-42029507aed9,500,60.13699993491173,False,HTTP 500
29,5730e215-311d-4916-9f85-6fed2507b4d7,500,36.715400172397494,False,HTTP 500
30,c768c20e-52a1-4569-b6db-5de415400e42,500,75.91250003315508,False,HTTP 500
31,296e8a17-fa51-4c14-90d6-181fe672ed93,500,37.23290003836155,False,HTTP 500
32,a8306ff7-98e0-42ac-83c5-8c632c122ba5,500,50.841799937188625,False,HTTP 500
33,fd394642-5f02-4aeb-aa8e-57807dbec02d,500,79.91559989750385,False,HTTP 500
34,b86f569c-05d6-431f-90db-9c38a5d60f9b,500,42.92690008878708,False,HTTP 500
35,1d20066d-3bc0-451c-8978-4c9a82f1f20f,500,59.786299942061305,False,HTTP 500
36,6eaf5fb1-f032-4db4-ae31-70e42c902755,500,34.33770011179149,False,HTTP 500
37,a29534ac-d91e-4b50-9210-94887730f95c,500,207.12130004540086,False,HTTP 500
38,6d4e3135-f339-4c78-8e2c-f3d265b857dd,500,25.29610018245876,False,HTTP 500
39,4e5b1755-9fdc-463a-9476-9f5e43bba911,500,94.95149995200336,False,HTTP 500
40,38b78a95-4087-4a1f-a2cf-f03661fd109a,500,89.7369000595063,False,HTTP 500
41,dd476d0c-69c1-4120-a248-f7582ed33049,500,72.78629997745156,False,HTTP 500
42,b5a8c808-b69b-4638-b176-6c651ebb552a,500,41.899500181898475,False,HTTP 500
43,949a48fc-46e1-4523-86b6-3d8740bf5e85,500,25.962299900129437,False,HTTP 500
44,1549e7da-3146-4acb-8b4a-e5320fd6c217,500,79.48319986462593,False,HTTP 500
45,4a1ed96a-46a1-4f15-8a2a-969834b46517,500,23.470399901270866,False,HTTP 500
46,7197cfae-5529-45c5-a896-fa1dbf07c295,500,37.09289990365505,False,HTTP 500
47,9ffac83b-363d-4910-8270-5c218a97304f,500,21.340199979022145,False,HTTP 500
48,98e5bf4c-792a-4955-b0db-af7aae050130,500,21.574900019913912,False,HTTP 500
49,4f367fbb-4b5d-44a4-b445-458269bfc3dd,500,37.239099852740765,False,HTTP 500
50,9c760d40-b5f6-469f-bd5b-00d796818fd0,500,62.5154001172632,False,HTTP 500
51,a56f17f6-b698-4dbf-9412-3797aac1cd80,500,23.2077999971807,False,HTTP 500
52,db9cd73a-c031-4fb6-b210-e394363cb2d6,500,29.96559999883175,False,HTTP 500
53,4666e21a-3fc5-479b-9db1-da956e6059ac,500,24.949799990281463,False,HTTP 500
54,9e821942-957a-4fac-aa9d-f8dbeb2edafe,500,191.94879988208413,False,HTTP 500
55,b9fa2019-b07a-4607-8aed-e60e61a8daa2,500,35.64350004307926,False,HTTP 500
56,ece3b706-18f9-49aa-b560-b5bb20eb62ab,500,23.278400069102645,False,HTTP 500
57,f7d9b868-a372-4d4f-8f86-674e0d0775f1,500,47.09209990687668,False,HTTP 500
58,6cf8fddf-2bb5-4548-b82a-a4770e1a1d3a,500,24.12169985473156,False,HTTP 500
59,714552e9-6cf5-4248-b32c-b3f0ae6fc6c6,500,16.42820006236434,False,HTTP 500
60,bb24f813-370e-4fe2-9a8a-a2b492fc56c8,500,31.724599888548255,False,HTTP 500
61,4dd7170f-89b6-4665-b4cd-3986f4c9423f,500,48.88959997333586,False,HTTP 500
62,802b68d8-9aee-41d0-826f-9986e64a5615,500,27.07980014383793,False,HTTP 500
63,feb40382-d80e-49c6-b1d8-9e5a46728e85,500,43.28850004822016,False,HTTP 500
64,850d3809-dc3e-4796-a391-65e73ea50839,500,75.71060000918806,False,HTTP 500
65,2a273bf0-62e8-4233-b7bd-0064c76b3831,500,36.28110000863671,False,HTTP 500
66,5ffc77f1-818d-4abe-b233-c9c4b6ef4618,500,26.79789997637272,False,HTTP 500
67,71a72439-f33b-4a92-96b8-41d3ce13eaaf,500,23.128499975427985,False,HTTP 500
68,2e1f8800-6199-41c6-aa51-368ac3650a72,500,25.091500021517277,False,HTTP 500
69,17c2a93b-e934-4238-991e-53ffb5d2fd80,500,43.07039990089834,False,HTTP 500
70,a51e9ff1-23c0-4202-8f89-c1703fb1426a,500,27.218699920922518,False,HTTP 500
71,51b52956-d567-4078-bee2-a33a58980ee6,500,49.35209988616407,False,HTTP 500
72,122c9f3b-1183-472b-88e5-2ce0f18b8451,500,46.81780003011227,False,HTTP 500
73,98c66e3b-d7f9-4f60-916b-ea8830f50440,500,30.118900118395686,False,HTTP 500
74,74ffe74a-9b76-4495-b904-dddf4fd53595,500,81.33559999987483,False,HTTP 500
75,59ab59b5-5044-415c-b5e7-8d1b0be014ce,500,67.98080005683005,False,HTTP 500
76,188bfd9d-d771-497b-9e02-0580cf2a3e94,500,40.423700120300055,False,HTTP 500
77,7b19a4b1-55e7-4128-816b-a8d47613469e,500,30.204499838873744,False,HTTP 500
78,116826d1-e6e0-4af8-b04a-83b179bdabc7,500,101.91730014048517,False,HTTP 500
79,afa9f9e6-c815-4d5e-825f-14f5aa7d4fc7,500,105.43750016950071,False,HTTP 500
80,25fd677e-4627-4896-99f9-95a734da1814,500,86.99990017339587,False,HTTP 500
81,818babe4-322c-4e03-839b-e9f8ac988bbc,500,61.7013000883162,False,HTTP 500
82,ecae45a8-fd06-465c-849a-776d6d6e8c78,500,73.48729996010661,False,HTTP 500
83,706886a2-7f32-463d-90cc-a744c2f9f815,500,66.44339999184012,False,HTTP 500
84,cc51b61e-7e5f-4b5a-b214-60c9887df324,500,79.30910005234182,False,HTTP 500
85,9a9e0035-cd40-41e5-af4c-21c1aa42b82f,500,28.00329984165728,False,HTTP 500
86,4a3ecc0b-3b62-4448-bb76-e7e32a1ad75f,500,48.97270002402365,False,HTTP 500
87,fdb50dfb-d973-4cd7-96c1-9ae7d01edf74,500,55.670199915766716,False,HTTP 500
88,92540467-8b95-4180-b6be-2423ffa78f0e,500,22.210299968719482,False,HTTP 500
89,3ae986a6-b0ff-4f6b-ab24-aec78946fd7b,500,35.37240019068122,False,HTTP 500
90,93f28aa1-af58-4d51-a600-59129fa8a834,500,91.01740014739335,False,HTTP 500
91,373418da-ae99-45f3-9c9d-62ef233ebbc4,500,23.09789997525513,False,HTTP 500
92,1364efdd-fc2a-4499-89dc-4cbc290c30ba,500,48.7353999633342,False,HTTP 500
93,0fe4ea0a-f042-4186-92ea-f49a0bc6c628,500,58.417499996721745,False,HTTP 500
94,c965fd0d-ddee-431c-a9c6-a8c63ea4fe18,500,30.507300049066544,False,HTTP 500
95,f801a6eb-3556-4f7c-8ede-63c61b715c64,500,95.31149989925325,False,HTTP 500
96,ecd507b0-d6e3-401f-abb3-066d90247ec1,500,75.47450019046664,False,HTTP 500
97,ca0f774a-f398-4612-809e-e71311f5473e,500,72.6524000056088,False,HTTP 500
98,64fe25e2-ef16-4dd6-bebe-a2e5ee6b5dfe,500,55.48950005322695,False,HTTP 500
99,df9efa45-877c-4992-835a-c61e382bee6c,500,86.8377999868244,False,HTTP 500
100,d8b58b41-193b-464d-a9c1-4410a17420bc,500,61.941999942064285,False,HTTP 500
