round,slot,tenant,request_id,start_epoch_ns,latency_ms,status_code,success,error
1,A1,POSTMAN-ISOLATION-A,d55a36c9-ecfb-4238-844b-63aaa5d63d00,1787082359394657800,18071.07,200,True,
1,A2,POSTMAN-ISOLATION-A,a34b80e2-3260-4e30-b604-30501738eb69,1787082359394592300,21628.939,200,True,
1,B1,POSTMAN-ISOLATION-B,bcdbc366-0c99-4bb9-88ff-c0e78c916f09,1787082359394692100,15575.769,200,True,
1,B2,POSTMAN-ISOLATION-B,37e6e8a2-880d-4bb5-8fff-6fdaae73f219,1787082359394430400,20873.383,200,True,
2,A1,POSTMAN-ISOLATION-A,ab008e91-012f-4261-91d1-486b62eb36ff,1787082381026373900,17263.693,200,True,
2,A2,POSTMAN-ISOLATION-A,2b23c738-643a-4b4f-b0fa-7d94ab854271,1787082381026289900,4094.725,200,True,
2,B1,POSTMAN-ISOLATION-B,6f730e7c-49a4-4390-9a49-612d020f745d,1787082381026439500,10388.093,200,True,
2,B2,POSTMAN-ISOLATION-B,f3b4c7f4-b5f7-4b11-9187-954ef4541a53,1787082381026107100,5546.548,200,True,
3,A1,POSTMAN-ISOLATION-A,79aca34e-cf6b-4b78-94c4-0eb1643fd90f,1787082398292244100,1438.477,200,True,
3,A2,POSTMAN-ISOLATION-A,854ca404-af4b-4180-908d-b65e7a04f938,1787082398292017300,30062.833,500,False,
3,B1,POSTMAN-ISOLATION-B,cc5ef8c0-5c85-4bc3-8b6f-14d794bf5767,1787082398292116800,23031.1,200,True,
3,B2,POSTMAN-ISOLATION-B,841e8d49-ad02-47d9-b78c-7582f66d5a50,1787082398291772200,27959.185,200,True,
4,A1,POSTMAN-ISOLATION-A,13e375c6-9b5a-43ac-abff-22b3b148caa4,1787082428358303600,2687.542,200,True,
4,A2,POSTMAN-ISOLATION-A,f22e1ce4-6580-4fea-8246-0cd36cbaa344,1787082428358473900,7756.142,200,True,
4,B1,POSTMAN-ISOLATION-B,484976ca-c2c7-4c3d-a276-6372843d9094,1787082428358645900,4168.615,200,True,
4,B2,POSTMAN-ISOLATION-B,80374a4f-ae2f-497e-866a-c9711a0889fe,1787082428357990400,3425.392,200,True,
5,A1,POSTMAN-ISOLATION-A,6d5d5434-4118-49a4-a897-2c69b7a34534,1787082436116732000,2624.009,200,True,
5,A2,POSTMAN-ISOLATION-A,f8cbbc1c-0547-4b9f-bf29-9ee7e86af35b,1787082436116528000,5281.704,200,True,
5,B1,POSTMAN-ISOLATION-B,710fc144-5c61-486d-b054-a972ea7f6194,1787082436116634200,4663.954,200,True,
5,B2,POSTMAN-ISOLATION-B,4eaa6787-baeb-4af8-8673-e8a50adf0c5e,1787082436116320700,7023.43,200,True,
6,A1,POSTMAN-ISOLATION-A,44772a7b-cebc-4e2e-a20c-654127bb86cb,1787082443141877500,4270.278,200,True,
6,A2,POSTMAN-ISOLATION-A,57fb317c-b829-4d94-8bec-3a54c618450d,1787082443141773800,5510.759,200,True,
6,B1,POSTMAN-ISOLATION-B,4011f121-cb6d-47c5-8550-f68e06665257,1787082443143052000,15253.551,200,True,
6,B2,POSTMAN-ISOLATION-B,946810f8-3ced-4430-bd4d-eea46ebda86b,1787082443141597100,2287.815,200,True,
7,A1,POSTMAN-ISOLATION-A,c7b64686-2eee-4b24-bdfb-3a4055acba78,1787082458399211900,4178.122,200,True,
7,A2,POSTMAN-ISOLATION-A,2104c728-d690-4c61-b24f-7852c9a4c3e2,1787082458399060700,30024.447,500,False,
7,B1,POSTMAN-ISOLATION-B,f6eb2e78-d598-411c-bc24-14a8ce503c74,1787082458399316900,7613.923,200,True,
7,B2,POSTMAN-ISOLATION-B,f4b0bb39-ce58-4d3e-8491-675e5f18626e,1787082458398836100,30042.037,500,False,
8,A1,POSTMAN-ISOLATION-A,0bbc72b0-50a1-4efd-a870-392f616f06ba,1787082488443423000,5385.841,200,True,
8,A2,POSTMAN-ISOLATION-A,9c5f0b01-ff0e-4b95-9937-0cd121237a45,1787082488443555400,8724.673,200,True,
8,B1,POSTMAN-ISOLATION-B,1fe9a56f-7d3e-493d-8fee-cd85c3f451e0,1787082488443675800,14239.489,200,True,
8,B2,POSTMAN-ISOLATION-B,64bb17ca-2cdc-4b4e-a3a0-ca12c34f939a,1787082488443199200,11686.439,200,True,
9,A1,POSTMAN-ISOLATION-A,3a6ec5fb-ba2c-45c4-a843-776911e36068,1787082502685395200,11237.304,200,True,
9,A2,POSTMAN-ISOLATION-A,0686bc4f-63b8-46a2-9fca-45931687eaea,1787082502685084700,10250.884,200,True,
9,B1,POSTMAN-ISOLATION-B,819679e7-1910-48ab-8912-a31541c77c62,1787082502685202800,7663.958,200,True,
9,B2,POSTMAN-ISOLATION-B,b00f14d0-6d20-4ca8-bf9e-1baf79485aab,1787082502684926700,2485.419,200,True,
10,A1,POSTMAN-ISOLATION-A,d39c327d-9739-4029-9fda-35c67d5a88f7,1787082513924652000,3169.734,200,True,
10,A2,POSTMAN-ISOLATION-A,a836e69b-fbd6-4780-b0a2-3ec980f59a00,1787082513924753800,11323.408,200,True,
10,B1,POSTMAN-ISOLATION-B,b698c5ad-4cd8-49bc-bd34-1591c8e3810c,1787082513924890800,14369.027,200,True,
10,B2,POSTMAN-ISOLATION-B,acc7ccdc-6c01-4b08-9325-1ed190adc220,1787082513924409300,7867.983,200,True,
