request_number,tenant,request_id,started_at,status_code,success,latency_ms,error,response_preview
1,POSTMAN-ISOLATION-A,878c9bc3-c606-434e-a4b4-c55935ecdaa1,2026-08-18T19:24:45.973277+00:00,200,True,17744.58,,"{""success"":true,""message"":""Response generated successfully."",""data"":{""requestId"":""878c9bc3-c606-434e-a4b4-c55935ecdaa1"",""response"":""The prompt you provided worked correctly. Here is the repeated text:\n\nThe prompt you provided worked correctly. Here is the repeated text.""},""timestamp"":""2026-08-18T19:25:03.688711400Z""}"
2,POSTMAN-ISOLATION-A,2f517b34-c224-46a2-bd58-188355d52901,2026-08-18T19:24:45.974025+00:00,200,True,19893.09,,"{""success"":true,""message"":""Response generated successfully."",""data"":{""requestId"":""2f517b34-c224-46a2-bd58-188355d52901"",""response"":""It's working fine. Here is the same text: \""It's working fine.\""""},""timestamp"":""2026-08-18T19:25:05.865432900Z""}"
3,POSTMAN-ISOLATION-A,82186fd4-c339-4dfd-9024-c8ba02b1a803,2026-08-18T19:25:03.718451+00:00,200,True,3297.93,,"{""success"":true,""message"":""Response generated successfully."",""data"":{""requestId"":""82186fd4-c339-4dfd-9024-c8ba02b1a803"",""response"":""```\nprompt(\""Hello World!\"")\n```""},""timestamp"":""2026-08-18T19:25:07.013096500Z""}"
4,POSTMAN-ISOLATION-A,74b57b96-ec91-4498-8f62-0a5318385c05,2026-08-18T19:25:05.867289+00:00,200,True,3853.88,,"{""success"":true,""message"":""Response generated successfully."",""data"":{""requestId"":""74b57b96-ec91-4498-8f62-0a5318385c05"",""response"":""The \""prompt\"" command is functioning as expected. Would you like to discuss something or test another function?""},""timestamp"":""2026-08-18T19:25:09.719139700Z""}"
5,POSTMAN-ISOLATION-A,2db7d7cf-74e9-4c7a-a2e8-07d0e986309d,2026-08-18T19:25:07.016593+00:00,200,True,6085.78,,"{""success"":true,""message"":""Response generated successfully."",""data"":{""requestId"":""2db7d7cf-74e9-4c7a-a2e8-07d0e986309d"",""response"":""It's working fine! The prompt you entered is: \""return the same text\"" and that's exactly what I've done.""},""timestamp"":""2026-08-18T19:25:13.100480600Z""}"
6,POSTMAN-ISOLATION-A,e7569720-898b-4f6c-adc0-4a77642ce530,2026-08-18T19:25:09.721316+00:00,200,True,7198.91,,"{""success"":true,""message"":""Response generated successfully."",""data"":{""requestId"":""e7569720-898b-4f6c-adc0-4a77642ce530"",""response"":""This conversation just started, so I won't have any previous responses to refer to. What would you like to test with the `prompt` function?""},""timestamp"":""2026-08-18T19:25:16.918562900Z""}"
7,POSTMAN-ISOLATION-A,080cea91-62bc-4401-a9c2-9e278c95554b,2026-08-18T19:25:13.102526+00:00,200,True,7264.65,,"{""success"":true,""message"":""Response generated successfully."",""data"":{""requestId"":""080cea91-62bc-4401-a9c2-9e278c95554b"",""response"":""The prompt seems to be working fine. Here is the same text you provided:\n\nChecking if prompt works fine. Return the same text.""},""timestamp"":""2026-08-18T19:25:20.365210400Z""}"
8,POSTMAN-ISOLATION-A,1ef4df98-9b64-42f3-a8d5-c3038ca266f9,2026-08-18T19:25:16.920409+00:00,200,True,5208.95,,"{""success"":true,""message"":""Response generated successfully."",""data"":{""requestId"":""1ef4df98-9b64-42f3-a8d5-c3038ca266f9"",""response"":""The prompt worked fine. The same text is returned to you.""},""timestamp"":""2026-08-18T19:25:22.126848300Z""}"
9,POSTMAN-ISOLATION-A,7bcdb1df-0c83-48d3-9ac5-e59d2ab7239c,2026-08-18T19:25:20.367355+00:00,200,True,26939.36,,"{""success"":true,""message"":""Response generated successfully."",""data"":{""requestId"":""7bcdb1df-0c83-48d3-9ac5-e59d2ab7239c"",""response"":""The `prompt` function is used to interact with the user through the command line or a similar interface. However, since I'm a text-based AI model and don't have direct access to a command line or terminal for executing functions like `prompt`, we can simulate a simple interactive prompt using text.\n\nHere's an example of how you might use Python to create a simple text-based prompt that returns the same text:\n\n```python\ndef my_prompt():\n    user_input = input(\""You said: \"")\n    return \""I heard: \"" + user_input\n\nprint(my_prompt())\n```\n\nThis script uses `input()` instead of `prompt()` because we can't directly execute JavaScript code here. The `input()` function in Python works similarly to the `prompt` function, but it requires a Python environment to run.\n\nWhen you run this script, it will wait for your input. After you enter something and p"
10,POSTMAN-ISOLATION-A,77044f46-4229-44d4-8f0f-ee1cbeb81eae,2026-08-18T19:25:22.129550+00:00,200,True,27189.17,,"{""success"":true,""message"":""Response generated successfully."",""data"":{""requestId"":""77044f46-4229-44d4-8f0f-ee1cbeb81eae"",""response"":""You entered: \""checking if prompt works fine. return the same text\""""},""timestamp"":""2026-08-18T19:25:49.316148300Z""}"
11,POSTMAN-ISOLATION-B,f0cc2473-d36a-4626-8061-c8f73d9551ae,2026-08-18T19:25:47.306856+00:00,200,True,3166.35,,"{""success"":true,""message"":""Response generated successfully."",""data"":{""requestId"":""f0cc2473-d36a-4626-8061-c8f73d9551ae"",""response"":""```\nprompt(\""Hello World!\"")\n```""},""timestamp"":""2026-08-18T19:25:50.470755700Z""}"
12,POSTMAN-ISOLATION-B,e0d2b61c-8ec2-4a25-b5e6-30e1be60b781,2026-08-18T19:25:49.318932+00:00,200,True,4769.73,,"{""success"":true,""message"":""Response generated successfully."",""data"":{""requestId"":""e0d2b61c-8ec2-4a25-b5e6-30e1be60b781"",""response"":""This is a test of the `prompt` function.\n\nThe input was: \""test\""\n\nAnd this is the response... also \""test\"".""},""timestamp"":""2026-08-18T19:25:54.086917700Z""}"
13,POSTMAN-ISOLATION-B,9fa00acd-216c-476e-91af-a0495b3347c9,2026-08-18T19:25:50.473425+00:00,200,True,4405.19,,"{""success"":true,""message"":""Response generated successfully."",""data"":{""requestId"":""9fa00acd-216c-476e-91af-a0495b3347c9"",""response"":""This is a prompt.""},""timestamp"":""2026-08-18T19:25:54.875640900Z""}"
14,POSTMAN-ISOLATION-B,7cb7054a-c9aa-4c4f-891a-a263ed07b2ee,2026-08-18T19:25:54.088838+00:00,200,True,3679.51,,"{""success"":true,""message"":""Response generated successfully."",""data"":{""requestId"":""7cb7054a-c9aa-4c4f-891a-a263ed07b2ee"",""response"":""The prompt appears to be working fine. Here is the same text: The prompt appears to be working fine.""},""timestamp"":""2026-08-18T19:25:57.766861Z""}"
15,POSTMAN-ISOLATION-B,8b964ca8-7077-4d3b-aeec-5fb1ea41fa04,2026-08-18T19:25:54.878822+00:00,200,True,5117.89,,"{""success"":true,""message"":""Response generated successfully."",""data"":{""requestId"":""8b964ca8-7077-4d3b-aeec-5fb1ea41fa04"",""response"":""Your prompt is working fine! The output should be: \""return the same text\""""},""timestamp"":""2026-08-18T19:25:59.994047300Z""}"
16,POSTMAN-ISOLATION-B,bbf674d2-e173-4a06-a563-5c0f31ae3fde,2026-08-18T19:25:57.768503+00:00,200,True,4842.06,,"{""success"":true,""message"":""Response generated successfully."",""data"":{""requestId"":""bbf674d2-e173-4a06-a563-5c0f31ae3fde"",""response"":""It seems to be working as expected. The text you provided is: \""return the same text\""""},""timestamp"":""2026-08-18T19:26:02.608262200Z""}"
17,POSTMAN-ISOLATION-B,35d507f4-6815-4042-8dbd-6df60a0dbfa0,2026-08-18T19:25:59.996897+00:00,200,True,8551.4,,"{""success"":true,""message"":""Response generated successfully."",""data"":{""requestId"":""35d507f4-6815-4042-8dbd-6df60a0dbfa0"",""response"":""The \""prompt\"" function seems to be working correctly. Here is the same text back at you:\n\nThis message should be displayed in a prompt box or similar user interface element, allowing you to interact with it as a standard input field.""},""timestamp"":""2026-08-18T19:26:08.545920100Z""}"
18,POSTMAN-ISOLATION-B,286034a0-7af6-4339-9bcd-19061ae2e31d,2026-08-18T19:26:02.610771+00:00,500,False,30088.32,,"{""timestamp"":""2026-08-19T00:56:32.680532"",""status"":500,""error"":""Internal Server Error"",""message"":""I/O error on POST request for \""http://localhost:11434/api/chat\"": Read timed out"",""path"":""/api/chat""}"
19,POSTMAN-ISOLATION-B,4064152e-9b90-4ec3-88f6-8773cc24502b,2026-08-18T19:26:08.548487+00:00,500,False,30039.85,,"{""timestamp"":""2026-08-19T00:56:38.5855524"",""status"":500,""error"":""Internal Server Error"",""message"":""I/O error on POST request for \""http://localhost:11434/api/chat\"": Read timed out"",""path"":""/api/chat""}"
20,POSTMAN-ISOLATION-B,84b7c337-3690-4078-9307-927d424b5786,2026-08-18T19:26:32.699214+00:00,200,True,9915.61,,"{""success"":true,""message"":""Response generated successfully."",""data"":{""requestId"":""84b7c337-3690-4078-9307-927d424b5786"",""response"":""You entered: \""checking if prompt works fine. return the same text\"" \n\nThis is what you wanted, correct?""},""timestamp"":""2026-08-18T19:26:42.612508800Z""}"
