round,slot,tenant,request_id,started_at,start_epoch_ns,end_epoch_ns,latency_ms,status_code,success,error,response_preview
1,A1,POSTMAN-ISOLATION-A,e82e9acc-a26f-426a-be87-7b3c0902d35d,2026-08-18T22:16:17.321057+00:00,1787091377321056600,1787091396156896200,18835.836,200,True,,"{""success"":true,""message"":""Response generated successfully."",""data"":{""requestId"":""e82e9acc-a26f-426a-be87-7b3c0902d35d"",""response"":""```\n\""prompt works fine\""\n```""},""timestamp"":""2026-08-18T22:16:36.109596Z""}"
1,A2,POSTMAN-ISOLATION-A,ebeaba3a-f825-48b4-86f0-f839b14bf713,2026-08-18T22:16:17.321490+00:00,1787091377321489200,1787091407017305000,29695.815,200,True,,"{""success"":true,""message"":""Response generated successfully."",""data"":{""requestId"":""ebeaba3a-f825-48b4-86f0-f839b14bf713"",""response"":""`The quick brown fox jumps over the lazy dog.`""},""timestamp"":""2026-08-18T22:16:47.013057600Z""}"
1,A3,POSTMAN-ISOLATION-A,11eaa2dc-941f-41fd-9137-c97814d15d9f,2026-08-18T22:16:17.321676+00:00,1787091377321675600,1787091399709905900,22388.229,200,True,,"{""success"":true,""message"":""Response generated successfully."",""data"":{""requestId"":""11eaa2dc-941f-41fd-9137-c97814d15d9f"",""response"":""Yes, prompts work just fine. Here is the same text you provided:\n\nchecking if prompt works fine. return the same text""},""timestamp"":""2026-08-18T22:16:39.704419400Z""}"
1,B1,POSTMAN-ISOLATION-B,52112269-428b-4124-98e4-83406119ca31,2026-08-18T22:16:17.320898+00:00,1787091377320896300,1787091405433331600,28112.434,200,True,,"{""success"":true,""message"":""Response generated successfully."",""data"":{""requestId"":""52112269-428b-4124-98e4-83406119ca31"",""response"":""The prompt works fine. \n\nYou entered: checking if prompt works fine. return the same text \nI returned: The prompt works fine.""},""timestamp"":""2026-08-18T22:16:45.425801300Z""}"
1,B2,POSTMAN-ISOLATION-B,91d0fb35-1326-4247-8514-226e3cc58aed,2026-08-18T22:16:17.320485+00:00,1787091377320481500,1787091400841657900,23521.177,200,True,,"{""success"":true,""message"":""Response generated successfully."",""data"":{""requestId"":""91d0fb35-1326-4247-8514-226e3cc58aed"",""response"":""```\nYour input: \n```""},""timestamp"":""2026-08-18T22:16:40.838795700Z""}"
2,A1,POSTMAN-ISOLATION-A,ccd6d97b-1e7c-475b-97a3-076f74594377,2026-08-18T22:16:47.022343+00:00,1787091407022341800,1787091447959941700,40937.599,200,True,,"{""success"":true,""message"":""Response generated successfully."",""data"":{""requestId"":""ccd6d97b-1e7c-475b-97a3-076f74594377"",""response"":""The `prompt()` function in JavaScript is used to display a message to the user and then pause the execution of the script, waiting for the user's input before proceeding further. Here’s a basic example that checks whether the prompt() function works as expected by asking the user to enter their name and then echoing back what they entered.\n\n```javascript\n// Asking the user for their name\nlet userName = prompt(\""Please enter your name: \"");\n\n// Displaying the provided name\nconsole.log(userName);\n```\n\nThis code uses `prompt()` to ask the user to input their name. The input is stored in a variable named `userName`. Then, it logs this `userName` to the console, which can be seen when running the JavaScript file or executing the script within an environment that supports interactive JavaScript, such as some web browsers.\n\nNote: The behavior of `prom"
2,A2,POSTMAN-ISOLATION-A,03edbdb2-8f6b-4c42-8d9a-54b375eda984,2026-08-18T22:16:47.022109+00:00,1787091407022107700,1787091450960332400,43938.223,200,True,,"{""success"":true,""message"":""Response generated successfully."",""data"":{""requestId"":""03edbdb2-8f6b-4c42-8d9a-54b375eda984"",""response"":""```\nThis is a test\n```""},""timestamp"":""2026-08-18T22:17:30.869347700Z""}"
2,A3,POSTMAN-ISOLATION-A,ee4bd055-b688-48e8-b5c0-0ac385663e1a,2026-08-18T22:16:47.022480+00:00,1787091407022479000,1787091458054696600,51032.217,200,True,,"{""success"":true,""message"":""Response generated successfully."",""data"":{""requestId"":""ee4bd055-b688-48e8-b5c0-0ac385663e1a"",""response"":""The prompt works fine.\n\nYou entered: checking if prompt works fine. return the same text\nThis is the same text you entered.""},""timestamp"":""2026-08-18T22:17:38.051434500Z""}"
2,B1,POSTMAN-ISOLATION-B,9803551c-b14b-4d0d-99e8-736e7bf5f296,2026-08-18T22:16:47.022682+00:00,1787091407022680700,1787091454403889600,47381.208,200,True,,"{""success"":true,""message"":""Response generated successfully."",""data"":{""requestId"":""9803551c-b14b-4d0d-99e8-736e7bf5f296"",""response"":""It seems to be working fine. Here is the same text you provided:\n\nChecking if prompt works fine. Return the same text.""},""timestamp"":""2026-08-18T22:17:34.400402200Z""}"
2,B2,POSTMAN-ISOLATION-B,5922efe6-1d71-429e-8148-c7de5d103718,2026-08-18T22:16:47.021749+00:00,1787091407021725900,1787091449197660300,42175.935,200,True,,"{""success"":true,""message"":""Response generated successfully."",""data"":{""requestId"":""5922efe6-1d71-429e-8148-c7de5d103718"",""response"":""The prompt works fine.\n\n\""Hello\""""},""timestamp"":""2026-08-18T22:17:29.167260900Z""}"
3,A1,POSTMAN-ISOLATION-A,a822df30-3ca7-4f9a-b1d1-14db56e265ef,2026-08-18T22:17:38.058792+00:00,1787091458058790100,1787091471320080000,13261.29,200,True,,"{""success"":true,""message"":""Response generated successfully."",""data"":{""requestId"":""a822df30-3ca7-4f9a-b1d1-14db56e265ef"",""response"":""```\nInput: Prompt\nOutput: Prompt\n```""},""timestamp"":""2026-08-18T22:17:51.317269Z""}"
3,A2,POSTMAN-ISOLATION-A,a7dd8cc8-54aa-46c3-9712-be7e23e07f76,2026-08-18T22:17:38.059417+00:00,1787091458059415200,1787091467649064700,9589.649,200,True,,"{""success"":true,""message"":""Response generated successfully."",""data"":{""requestId"":""a7dd8cc8-54aa-46c3-9712-be7e23e07f76"",""response"":""`Hello World!`""},""timestamp"":""2026-08-18T22:17:47.645380600Z""}"
3,A3,POSTMAN-ISOLATION-A,e9ba4ebf-70f1-468d-8984-bf13742bb8d0,2026-08-18T22:17:38.059148+00:00,1787091458059146200,1787091460222694900,2163.548,200,True,,"{""success"":true,""message"":""Response generated successfully."",""data"":{""requestId"":""e9ba4ebf-70f1-468d-8984-bf13742bb8d0"",""response"":""The \""prompt\"" function works fine.""},""timestamp"":""2026-08-18T22:17:40.211543200Z""}"
3,B1,POSTMAN-ISOLATION-B,7877f089-da83-4038-8c0d-4d9259178735,2026-08-18T22:17:38.059580+00:00,1787091458059578500,1787091466456157600,8396.579,200,True,,"{""success"":true,""message"":""Response generated successfully."",""data"":{""requestId"":""7877f089-da83-4038-8c0d-4d9259178735"",""response"":""It seems like you're testing whether I can handle prompts correctly.\n\nYou asked me to simply \""return the same text.\"" Therefore, my response should mirror your original inquiry.\n\nSo here it is: \""return the same text.\""""},""timestamp"":""2026-08-18T22:17:46.445983900Z""}"
3,B2,POSTMAN-ISOLATION-B,27ef079a-e425-40bd-897b-73cf600fa12e,2026-08-18T22:17:38.058346+00:00,1787091458058343400,1787091469714615600,11656.273,200,True,,"{""success"":true,""message"":""Response generated successfully."",""data"":{""requestId"":""27ef079a-e425-40bd-897b-73cf600fa12e"",""response"":""`Hello, how can I assist you today?`""},""timestamp"":""2026-08-18T22:17:49.711434200Z""}"
4,A1,POSTMAN-ISOLATION-A,11e79085-7882-4b6d-828c-24c455188dd6,2026-08-18T22:17:51.326339+00:00,1787091471326338400,1787091526509719200,55183.379,200,True,,"{""success"":true,""message"":""Response generated successfully."",""data"":{""requestId"":""11e79085-7882-4b6d-828c-24c455188dd6"",""response"":""The `prompt()` function in JavaScript is used to display a dialog box with a specified message, but it doesn't actually allow the user to input anything and return that input as a string. Instead, it waits for the user to click \""OK\"" before returning `undefined`.\n\nHowever, if you're using Node.js (and not a browser), the `prompt()` function is available from a package named `prompt-sync` which can be used for interactive command-line applications to prompt the user for input.\n\nIf you want to test how this works or return the same text back in a simple JavaScript environment without any specific packages, you could do something like this:\n\n```javascript\nconsole.log(prompt('Please enter your name: ') || \""No name was provided\"");\n```\n\nThis code will print out a prompt asking the user for their name. However, since `prompt()` doesn't actually retur"
4,A2,POSTMAN-ISOLATION-A,836e05d0-4e1a-4f6e-8e44-ea516fb6b601,2026-08-18T22:17:51.325668+00:00,1787091471325666400,1787091482377901700,11052.235,200,True,,"{""success"":true,""message"":""Response generated successfully."",""data"":{""requestId"":""836e05d0-4e1a-4f6e-8e44-ea516fb6b601"",""response"":""The `prompt` function is a way to get input from the user in a browser environment, and it's not typically used in a terminal or command-line interface like this chat.\n\nHowever, I can simulate the behavior of a `prompt` by asking you a question:\n\nWhat is your name? \n\nType something and press Enter, just as if you were typing into a prompt.""},""timestamp"":""2026-08-18T22:18:02.370229300Z""}"
4,A3,POSTMAN-ISOLATION-A,a0fa5b75-ace0-4314-ae00-bed2fd61b821,2026-08-18T22:17:51.325973+00:00,1787091471325971400,1787091530498987800,59173.016,200,True,,"{""success"":true,""message"":""Response generated successfully."",""data"":{""requestId"":""a0fa5b75-ace0-4314-ae00-bed2fd61b821"",""response"":""This is a test.""},""timestamp"":""2026-08-18T22:18:50.495914900Z""}"
4,B1,POSTMAN-ISOLATION-B,13c04fd9-9fa8-4bcf-84e8-2fa53dd0b2a6,2026-08-18T22:17:51.326163+00:00,1787091471326161100,1787091529709032400,58382.87,200,True,,"{""success"":true,""message"":""Response generated successfully."",""data"":{""requestId"":""13c04fd9-9fa8-4bcf-84e8-2fa53dd0b2a6"",""response"":""It seems like you're testing the functionality of this chat interface.\n\nIs there anything else I can assist you with?""},""timestamp"":""2026-08-18T22:18:49.704682900Z""}"
4,B2,POSTMAN-ISOLATION-B,6a9d4686-b90a-43e3-8d61-129eff753bcf,2026-08-18T22:17:51.325398+00:00,1787091471325374100,1787091532016505700,60691.132,200,True,,"{""success"":true,""message"":""Response generated successfully."",""data"":{""requestId"":""6a9d4686-b90a-43e3-8d61-129eff753bcf"",""response"":""```\nHello!\n```""},""timestamp"":""2026-08-18T22:18:52.010556Z""}"
5,A1,POSTMAN-ISOLATION-A,17c10ee9-b574-4cf2-bdf3-74b50b1a6e97,2026-08-18T22:18:52.021512+00:00,1787091532021510700,1787091594110010800,62088.499,200,True,,"{""success"":true,""message"":""Response generated successfully."",""data"":{""requestId"":""17c10ee9-b574-4cf2-bdf3-74b50b1a6e97"",""response"":""Your prompt seems to be working fine. The same text is being returned back to you.\n\nIs there anything else I can help with?""},""timestamp"":""2026-08-18T22:19:54.083151500Z""}"
5,A2,POSTMAN-ISOLATION-A,abc12eed-b6cb-4f9c-91d7-c50572e951ad,2026-08-18T22:18:52.021214+00:00,1787091532021212400,1787091590159657800,58138.445,200,True,,"{""success"":true,""message"":""Response generated successfully."",""data"":{""requestId"":""abc12eed-b6cb-4f9c-91d7-c50572e951ad"",""response"":""`prompt()` is not a standard JavaScript function that I'm aware of, but it sounds like you might be thinking of `prompt()`, which is a built-in function in web browsers for getting user input.\n\nIf that's the case, here's how it typically works:\n\n```javascript\nvar userResponse = prompt(\""Please enter some text:\"");\nconsole.log(userResponse);\n```\n\nWhen you run this code in a browser, it will display a dialog box prompting the user to enter some text. Once they click \""OK\"" or press Enter, their input is stored in the `userResponse` variable and logged to the console.\n\nHowever, if we're talking about Node.js or another environment outside of web browsers where you might have implemented your own `prompt()` function, that would depend on how it's been defined. Can you provide more context about what `prompt()` does in this case?""},""timestamp"":""2026-"
5,A3,POSTMAN-ISOLATION-A,9001c9e7-3bff-41dd-9281-5a9e0848a27c,2026-08-18T22:18:52.021063+00:00,1787091532021062000,1787091561709704700,29688.642,200,True,,"{""success"":true,""message"":""Response generated successfully."",""data"":{""requestId"":""9001c9e7-3bff-41dd-9281-5a9e0848a27c"",""response"":""The `prompt()` function in JavaScript is used to display a dialog box with a message and wait for user input before continuing execution of the code. When you call `prompt()`, it will:\n\n1. Display a small window on your screen with the specified message, which includes an input field where you can type something.\n2. Wait until you have entered some text in this field and then clicked **OK** or pressed **Enter**, at which point it will return what was entered into that field.\n\nHere is a basic example:\n\n```javascript\nvar userInput = prompt(\""What's your name?\"");\nalert(\""Hello \"" + userInput);\n```\n\nIn this code snippet, when you run it, a dialog box named \""What's your name?\"" will pop up. You can enter any text there and click **OK** or press **Enter**, then an alert window with the greeting \""Hello [your_name]\"" will appear.\n\nIf you cancel th"
5,B1,POSTMAN-ISOLATION-B,d5ae8ba8-c3e8-48ba-8e6c-5b16c49462fd,2026-08-18T22:18:52.021375+00:00,1787091532021373600,1787091564946860600,32925.486,200,True,,"{""success"":true,""message"":""Response generated successfully."",""data"":{""requestId"":""d5ae8ba8-c3e8-48ba-8e6c-5b16c49462fd"",""response"":""You entered: \""return the same text\"" \n\nHere it is back to you: \""return the same text\""""},""timestamp"":""2026-08-18T22:19:24.939870Z""}"
5,B2,POSTMAN-ISOLATION-B,fd3c9465-29a8-47e9-b5ed-0f4220423eff,2026-08-18T22:18:52.020775+00:00,1787091532020772500,1787091565904334200,33883.562,200,True,,"{""success"":true,""message"":""Response generated successfully."",""data"":{""requestId"":""fd3c9465-29a8-47e9-b5ed-0f4220423eff"",""response"":""This message is working fine.""},""timestamp"":""2026-08-18T22:19:25.889503Z""}"
6,A1,POSTMAN-ISOLATION-A,5f5c8909-4dd7-4b78-a38f-e540c0985570,2026-08-18T22:19:54.147909+00:00,1787091594147907500,1787091627625560400,33477.652,200,True,,"{""success"":true,""message"":""Response generated successfully."",""data"":{""requestId"":""5f5c8909-4dd7-4b78-a38f-e540c0985570"",""response"":""The prompt worked! Here is the same text back to you:\n\n\""The prompt worked!\""""},""timestamp"":""2026-08-18T22:20:27.621694100Z""}"
6,A2,POSTMAN-ISOLATION-A,94c12c8c-5274-43e0-99be-9cd412758cad,2026-08-18T22:19:54.147779+00:00,1787091594147776800,1787091633417804100,39270.027,200,True,,"{""success"":true,""message"":""Response generated successfully."",""data"":{""requestId"":""94c12c8c-5274-43e0-99be-9cd412758cad"",""response"":""You entered: \""checking if prompt works fine. return the same text\"" \n\nThis is exactly what you entered back at you.""},""timestamp"":""2026-08-18T22:20:33.414604800Z""}"
6,A3,POSTMAN-ISOLATION-A,802ab5c4-3bcf-4d50-bb48-17cb43609e37,2026-08-18T22:19:54.148171+00:00,1787091594148170200,1787091629831880800,35683.709,200,True,,"{""success"":true,""message"":""Response generated successfully."",""data"":{""requestId"":""802ab5c4-3bcf-4d50-bb48-17cb43609e37"",""response"":""```\nYou requested that I return the same text.\n```""},""timestamp"":""2026-08-18T22:20:29.827082400Z""}"
6,B1,POSTMAN-ISOLATION-B,bbfaeb05-f73a-4dba-aaa7-025c9c68f66d,2026-08-18T22:19:54.148050+00:00,1787091594148049300,1787091625249812800,31101.762,200,True,,"{""success"":true,""message"":""Response generated successfully."",""data"":{""requestId"":""bbfaeb05-f73a-4dba-aaa7-025c9c68f66d"",""response"":""`prompt()` is a function in JavaScript that displays a dialog box to get user input. It doesn't work exactly like that here since we are communicating through a text-based interface, but I can simulate it by using a simple `return` statement with the string you want as an answer.\n\nHowever, if you're asking about how to interact with code and return specific strings based on user input (which is simulated here), let's do a basic example:\n\n```javascript\nfunction getUserInput() {\n    // Simulate user input\n    const userAnswer = prompt(\""Enter your name: \"");\n    \n    // Return the same text (as if it was a response to a prompt)\n    return \""Hello, \"" + userAnswer + \""! How are you today?\"";\n}\n\nconsole.log(getUserInput());\n```\n\nIn this example, since we're simulating `prompt()` by not actually getting input from the user in this context, the f"
6,B2,POSTMAN-ISOLATION-B,82950c39-9ae2-4b52-b8cd-bee87895c084,2026-08-18T22:19:54.147469+00:00,1787091594147464000,1787091637415206900,43267.743,200,True,,"{""success"":true,""message"":""Response generated successfully."",""data"":{""requestId"":""82950c39-9ae2-4b52-b8cd-bee87895c084"",""response"":""It seems like your command is working just fine! The output you requested has been returned: \n\n\""This text should appear as per your request.\""""},""timestamp"":""2026-08-18T22:20:37.318149600Z""}"
7,A1,POSTMAN-ISOLATION-A,9ab3e904-45fd-46d1-aae1-1c5d60d262ea,2026-08-18T22:20:37.421577+00:00,1787091637421574900,1787091644748092400,7326.517,200,True,,"{""success"":true,""message"":""Response generated successfully."",""data"":{""requestId"":""9ab3e904-45fd-46d1-aae1-1c5d60d262ea"",""response"":""This is a test of the `prompt` function, which should simply return:\n\n\""Is everything working as expected?\""""},""timestamp"":""2026-08-18T22:20:44.742995Z""}"
7,A2,POSTMAN-ISOLATION-A,c0b50902-067d-4050-afe8-c5d7d8046630,2026-08-18T22:20:37.421702+00:00,1787091637421701400,1787091641549701800,4128.0,200,True,,"{""success"":true,""message"":""Response generated successfully."",""data"":{""requestId"":""c0b50902-067d-4050-afe8-c5d7d8046630"",""response"":""The prompt you provided to check if it works as expected is: \n\n\""return the same text\""\n\nIs that correct?""},""timestamp"":""2026-08-18T22:20:41.545582800Z""}"
7,A3,POSTMAN-ISOLATION-A,9c3c1bc1-efb2-4c06-9905-1269e1484858,2026-08-18T22:20:37.425248+00:00,1787091637425245900,1787091646091769900,8666.523,200,True,,"{""success"":true,""message"":""Response generated successfully."",""data"":{""requestId"":""9c3c1bc1-efb2-4c06-9905-1269e1484858"",""response"":""\""test\""\n\nIs everything working as expected?""},""timestamp"":""2026-08-18T22:20:46.086184600Z""}"
7,B1,POSTMAN-ISOLATION-B,066b4eda-fa22-455d-b4ad-2a8780cd7305,2026-08-18T22:20:37.421896+00:00,1787091637421895300,1787091676168780200,38746.884,200,True,,"{""success"":true,""message"":""Response generated successfully."",""data"":{""requestId"":""066b4eda-fa22-455d-b4ad-2a8780cd7305"",""response"":""The prompt appears to be working fine.\n\nYou entered: checking if prompt works fine\nI returned: The prompt appears to be working fine.""},""timestamp"":""2026-08-18T22:21:16.165994100Z""}"
7,B2,POSTMAN-ISOLATION-B,168b99c4-d099-4b1a-b470-36ae166184bc,2026-08-18T22:20:37.421316+00:00,1787091637421311300,1787091672371167600,34949.856,200,True,,"{""success"":true,""message"":""Response generated successfully."",""data"":{""requestId"":""168b99c4-d099-4b1a-b470-36ae166184bc"",""response"":""The `prompt` function is used in web development (e.g., JavaScript) to get input from the user. It does not work in a chat interface like this one. If you're trying to simulate a command line or have interactive input, I can offer alternatives for simple scenarios:\n\n1. **Simple Text Input**: For text that doesn't require complex input validation or dynamic content generation based on user input, you could simply return the same text back as an example of how it works.\n\n2. **Interactive Scenarios**: If you need more advanced interaction, you might consider a different approach for your application (like creating a simple web page or a native app for specific platforms). However, within this chat interface's limitations, we can simulate basic interactive scenarios by asking the user to provide input and then responding based on that input.\n\nLet me know"
8,A1,POSTMAN-ISOLATION-A,e4e8bd54-b221-4f36-9e49-29a5d31377f7,2026-08-18T22:21:16.173544+00:00,1787091676173543200,1787091688142889800,11969.345,200,True,,"{""success"":true,""message"":""Response generated successfully."",""data"":{""requestId"":""e4e8bd54-b221-4f36-9e49-29a5d31377f7"",""response"":""The prompt appears to be working as expected.\n\nYou provided the following input:\n\""return the same text\""\n\nAnd I will return it back to you: \""return the same text\""""},""timestamp"":""2026-08-18T22:21:28.122510700Z""}"
8,A2,POSTMAN-ISOLATION-A,7a5d3067-f000-4a77-9fc2-f85ebd78596f,2026-08-18T22:21:16.173401+00:00,1787091676173399400,1787091682403810500,6230.411,200,True,,"{""success"":true,""message"":""Response generated successfully."",""data"":{""requestId"":""7a5d3067-f000-4a77-9fc2-f85ebd78596f"",""response"":""It works! The same text is returned.""},""timestamp"":""2026-08-18T22:21:22.399956100Z""}"
8,A3,POSTMAN-ISOLATION-A,10662d78-1bc5-491c-b360-c186c0772850,2026-08-18T22:21:16.173194+00:00,1787091676173191500,1787091681045953300,4872.761,200,True,,"{""success"":true,""message"":""Response generated successfully."",""data"":{""requestId"":""10662d78-1bc5-491c-b360-c186c0772850"",""response"":""The prompt seems to be working fine! You asked me to \""return the same text,\"" which I'll do now: the same text.""},""timestamp"":""2026-08-18T22:21:21.038763600Z""}"
8,B1,POSTMAN-ISOLATION-B,63ac4439-36ce-4961-8214-44e28a752eb3,2026-08-18T22:21:16.173740+00:00,1787091676173738300,1787091700086762900,23913.025,200,True,,"{""success"":true,""message"":""Response generated successfully."",""data"":{""requestId"":""63ac4439-36ce-4961-8214-44e28a752eb3"",""response"":""The prompt is working fine. The same text will be returned: \n\n\""the same text\""""},""timestamp"":""2026-08-18T22:21:40.077632800Z""}"
8,B2,POSTMAN-ISOLATION-B,5b063733-c45e-422e-b8e2-818545931171,2026-08-18T22:21:16.172842+00:00,1787091676172838700,1787091697451584200,21278.746,200,True,,"{""success"":true,""message"":""Response generated successfully."",""data"":{""requestId"":""5b063733-c45e-422e-b8e2-818545931171"",""response"":""The prompt you entered seems to work as expected! You sent a simple string, and I responded with the exact same text. This suggests that both of us are communicating effectively through this interface. Is there anything specific you'd like to discuss or any particular topic you'd like some information on? I'm here to help with any questions you may have.""},""timestamp"":""2026-08-18T22:21:37.448675200Z""}"
9,A1,POSTMAN-ISOLATION-A,d659d9a0-58d3-4b43-8c30-f89386134be5,2026-08-18T22:21:40.104567+00:00,1787091700104565000,1787091707164578100,7060.012,200,True,,"{""success"":true,""message"":""Response generated successfully."",""data"":{""requestId"":""d659d9a0-58d3-4b43-8c30-f89386134be5"",""response"":""It seems to work fine. Here is the same text: It seems to work fine.""},""timestamp"":""2026-08-18T22:21:47.154309300Z""}"
9,A2,POSTMAN-ISOLATION-A,d374a048-03e0-42d9-9592-3f1df9f89638,2026-08-18T22:21:40.104699+00:00,1787091700104697800,1787091711630453600,11525.755,200,True,,"{""success"":true,""message"":""Response generated successfully."",""data"":{""requestId"":""d374a048-03e0-42d9-9592-3f1df9f89638"",""response"":""This is a test to see if the prompt works as expected. This should display the same text back to you.""},""timestamp"":""2026-08-18T22:21:51.627479200Z""}"
9,A3,POSTMAN-ISOLATION-A,f8a5273e-4db5-4d1a-8374-d6825b3aadf6,2026-08-18T22:21:40.104967+00:00,1787091700104966400,1787091702021518500,1916.551,200,True,,"{""success"":true,""message"":""Response generated successfully."",""data"":{""requestId"":""f8a5273e-4db5-4d1a-8374-d6825b3aadf6"",""response"":""`Hello from me!`""},""timestamp"":""2026-08-18T22:21:41.907322300Z""}"
9,B1,POSTMAN-ISOLATION-B,a688d936-601f-432a-9dd7-3c148514bb3c,2026-08-18T22:21:40.104846+00:00,1787091700104845100,1787091704687111500,4582.266,200,True,,"{""success"":true,""message"":""Response generated successfully."",""data"":{""requestId"":""a688d936-601f-432a-9dd7-3c148514bb3c"",""response"":""The prompt worked as expected. Here is the same text: \""The prompt worked as expected.\""""},""timestamp"":""2026-08-18T22:21:44.682878Z""}"
9,B2,POSTMAN-ISOLATION-B,46a102ae-f237-448c-9992-1eb1dee786fe,2026-08-18T22:21:40.104183+00:00,1787091700104179600,1787091708516161900,8411.983,200,True,,"{""success"":true,""message"":""Response generated successfully."",""data"":{""requestId"":""46a102ae-f237-448c-9992-1eb1dee786fe"",""response"":""`\""You have entered: Hello World\""`""},""timestamp"":""2026-08-18T22:21:48.514126800Z""}"
10,A1,POSTMAN-ISOLATION-A,785e9098-8f56-42d5-9e16-0f7a94f10027,2026-08-18T22:21:51.687253+00:00,1787091711687250900,1787091718849540300,7162.289,200,True,,"{""success"":true,""message"":""Response generated successfully."",""data"":{""requestId"":""785e9098-8f56-42d5-9e16-0f7a94f10027"",""response"":""\""Hello from the other side!\""""},""timestamp"":""2026-08-18T22:21:58.843545100Z""}"
10,A2,POSTMAN-ISOLATION-A,037918ef-f538-4505-b9d8-7f4d07fbffca,2026-08-18T22:21:51.687510+00:00,1787091711687508800,1787091713171825800,1484.316,200,True,,"{""success"":true,""message"":""Response generated successfully."",""data"":{""requestId"":""037918ef-f538-4505-b9d8-7f4d07fbffca"",""response"":""\""test\""""},""timestamp"":""2026-08-18T22:21:53.159485100Z""}"
10,A3,POSTMAN-ISOLATION-A,71fa6136-c968-40d5-aa17-f9f03c837bec,2026-08-18T22:21:51.687411+00:00,1787091711687409800,1787091721263480400,9576.07,200,True,,"{""success"":true,""message"":""Response generated successfully."",""data"":{""requestId"":""71fa6136-c968-40d5-aa17-f9f03c837bec"",""response"":""\""hello\""""},""timestamp"":""2026-08-18T22:22:01.261099500Z""}"
10,B1,POSTMAN-ISOLATION-B,cdd2ab67-5631-4448-b6e1-c820b74eaee3,2026-08-18T22:21:51.687616+00:00,1787091711687615100,1787091717750167300,6062.551,200,True,,"{""success"":true,""message"":""Response generated successfully."",""data"":{""requestId"":""cdd2ab67-5631-4448-b6e1-c820b74eaee3"",""response"":""It works!\n\nYou entered: \""checking if prompt works fine. return the same text\""\nI returned: \""checking if prompt works fine. return the same text\""""},""timestamp"":""2026-08-18T22:21:57.747069600Z""}"
10,B2,POSTMAN-ISOLATION-B,3948c852-07a5-4933-bfd0-54697de13a14,2026-08-18T22:21:51.687017+00:00,1787091711687013900,1787091720745090300,9058.076,200,True,,"{""success"":true,""message"":""Response generated successfully."",""data"":{""requestId"":""3948c852-07a5-4933-bfd0-54697de13a14"",""response"":""You entered: checking if prompt works fine. return the same text""},""timestamp"":""2026-08-18T22:22:00.737121200Z""}"
