round,tenant,request_id,started_at,start_epoch_ns,end_epoch_ns,latency_ms,status_code,success,error,response_preview
1,POSTMAN-ISOLATION-A,f9a2d6af-710a-440c-a28d-c9648f757bac,2026-08-18T19:36:46.658634+00:00,1787081806658632400,1787081822807542500,16148.907,200,True,,"{""success"":true,""message"":""Response generated successfully."",""data"":{""requestId"":""f9a2d6af-710a-440c-a28d-c9648f757bac"",""response"":""It seems to be working! The input you provided is being returned by me, unchanged. Is there anything else I can help you with?""},""timestamp"":""2026-08-18T19:37:02.778748700Z""}"
1,POSTMAN-ISOLATION-B,14fbca99-c187-48e7-add4-0b6f7efdb93c,2026-08-18T19:36:46.658445+00:00,1787081806658442900,1787081825926606100,19268.164,200,True,,"{""success"":true,""message"":""Response generated successfully."",""data"":{""requestId"":""14fbca99-c187-48e7-add4-0b6f7efdb93c"",""response"":""It's working fine! Here is the same text back to you:\n\nchecking if prompt works fine. return the same text""},""timestamp"":""2026-08-18T19:37:05.924460500Z""}"
2,POSTMAN-ISOLATION-A,9ab7a0d8-6ba1-4e83-b55f-a5950b6fccca,2026-08-18T19:37:05.927983+00:00,1787081825927982300,1787081831191579800,5263.597,200,True,,"{""success"":true,""message"":""Response generated successfully."",""data"":{""requestId"":""9ab7a0d8-6ba1-4e83-b55f-a5950b6fccca"",""response"":""\""prompt works fine\""""},""timestamp"":""2026-08-18T19:37:11.189841Z""}"
2,POSTMAN-ISOLATION-B,ac6f0035-2c84-4cda-addc-11fa3e7fd18b,2026-08-18T19:37:05.927728+00:00,1787081825927725600,1787081830445757500,4518.032,200,True,,"{""success"":true,""message"":""Response generated successfully."",""data"":{""requestId"":""ac6f0035-2c84-4cda-addc-11fa3e7fd18b"",""response"":""You entered: \""checking if prompt works fine. return the same text\""\nYou entered: \""checking if prompt works fine. return the same text\""""},""timestamp"":""2026-08-18T19:37:10.443560200Z""}"
3,POSTMAN-ISOLATION-A,20983fc8-bc9b-44e7-b82d-a3d6014a0764,2026-08-18T19:37:11.192896+00:00,1787081831192895100,1787081832548835900,1355.941,200,True,,"{""success"":true,""message"":""Response generated successfully."",""data"":{""requestId"":""20983fc8-bc9b-44e7-b82d-a3d6014a0764"",""response"":""```\nHello\n```""},""timestamp"":""2026-08-18T19:37:12.545593200Z""}"
3,POSTMAN-ISOLATION-B,dd9183a7-aa9c-4fc7-ab07-1e8708b1ec82,2026-08-18T19:37:11.192674+00:00,1787081831192671700,1787081835891292600,4698.621,200,True,,"{""success"":true,""message"":""Response generated successfully."",""data"":{""requestId"":""dd9183a7-aa9c-4fc7-ab07-1e8708b1ec82"",""response"":""The prompt you provided is \""return the same text.\"" Here's a response that meets your request: \""return the same text.\""""},""timestamp"":""2026-08-18T19:37:15.888651200Z""}"
4,POSTMAN-ISOLATION-A,ef7a3757-4644-4691-a9a2-4e7f8b61ff48,2026-08-18T19:37:15.892428+00:00,1787081835892426900,1787081842627227200,6734.799,200,True,,"{""success"":true,""message"":""Response generated successfully."",""data"":{""requestId"":""ef7a3757-4644-4691-a9a2-4e7f8b61ff48"",""response"":""You want to check if I understand the `prompt` command correctly.\n\nIf you prompt me with a question, I should be able to return the same text you gave me as my response.\n\nGo ahead and try it! What's your prompt?""},""timestamp"":""2026-08-18T19:37:22.624947100Z""}"
4,POSTMAN-ISOLATION-B,c9536144-3c3c-4779-80c9-be0ff131fdd7,2026-08-18T19:37:15.892270+00:00,1787081835892268700,1787081846143013200,10250.745,200,True,,"{""success"":true,""message"":""Response generated successfully."",""data"":{""requestId"":""c9536144-3c3c-4779-80c9-be0ff131fdd7"",""response"":""It seems like the `/prompt` command should display your input back to you, without adding anything extra.\n\n```\n/prompt hello\n```""},""timestamp"":""2026-08-18T19:37:26.140474300Z""}"
5,POSTMAN-ISOLATION-A,7edfed69-baeb-449b-9045-a526309a7a58,2026-08-18T19:37:26.144387+00:00,1787081846144385800,1787081848974563700,2830.178,200,True,,"{""success"":true,""message"":""Response generated successfully."",""data"":{""requestId"":""7edfed69-baeb-449b-9045-a526309a7a58"",""response"":""You typed \""Prompt\""""},""timestamp"":""2026-08-18T19:37:28.972212300Z""}"
5,POSTMAN-ISOLATION-B,cd267e4b-7eea-438e-b6b2-9a16d736bd40,2026-08-18T19:37:26.144180+00:00,1787081846144177000,1787081848256291200,2112.114,200,True,,"{""success"":true,""message"":""Response generated successfully."",""data"":{""requestId"":""cd267e4b-7eea-438e-b6b2-9a16d736bd40"",""response"":""```\nYour input: hello\nhello\n```""},""timestamp"":""2026-08-18T19:37:28.253237500Z""}"
6,POSTMAN-ISOLATION-A,4d06303f-f914-4679-bd1d-130dba818e16,2026-08-18T19:37:28.976313+00:00,1787081848976312300,1787081853760475600,4784.163,200,True,,"{""success"":true,""message"":""Response generated successfully."",""data"":{""requestId"":""4d06303f-f914-4679-bd1d-130dba818e16"",""response"":""Your prompt seems to be working fine. Here's the same text you provided back at you:\n\n\""checking if prompt works fine. return the same text\""""},""timestamp"":""2026-08-18T19:37:33.758857200Z""}"
6,POSTMAN-ISOLATION-B,c503fc42-35ce-4f48-a710-d3a25e1fdc6f,2026-08-18T19:37:28.976141+00:00,1787081848976139400,1787081854748886100,5772.748,200,True,,"{""success"":true,""message"":""Response generated successfully."",""data"":{""requestId"":""c503fc42-35ce-4f48-a710-d3a25e1fdc6f"",""response"":""`prompt(\""Hello World\"")`""},""timestamp"":""2026-08-18T19:37:34.746995100Z""}"
7,POSTMAN-ISOLATION-A,d719940f-e52e-4fe6-8b19-767c6c96521d,2026-08-18T19:37:34.750203+00:00,1787081854750201700,1787081857994597700,3244.395,200,True,,"{""success"":true,""message"":""Response generated successfully."",""data"":{""requestId"":""d719940f-e52e-4fe6-8b19-767c6c96521d"",""response"":""The prompt is working fine. The same text will be returned to you. What's your next step?""},""timestamp"":""2026-08-18T19:37:37.991481500Z""}"
7,POSTMAN-ISOLATION-B,26b0eee3-97fc-425f-a873-772068833d00,2026-08-18T19:37:34.750047+00:00,1787081854750045000,1787081877122159100,22372.115,200,True,,"{""success"":true,""message"":""Response generated successfully."",""data"":{""requestId"":""26b0eee3-97fc-425f-a873-772068833d00"",""response"":""The `prompt` function in JavaScript does not work the way it typically does when interactively executed, like you'd do with something like Node.js or Chrome's DevTools console. However, I can simulate a similar interaction here using a basic prompt and then returning that input back.\n\n```javascript\nfunction getInput(prompt) {\n    return prompt;\n}\n\nconsole.log(getInput(\""Hello!\""));\n```\n\nThis will output:\n```\nHello!\n```\n\nPlease note that in a real-world application or interactive script, you would use the `prompt` function as follows:\n\n```javascript\nlet userPrompt = prompt(\""Please enter your name: \"");\nconsole.log(userPrompt);\n```\n\nBut for simplicity and following your request exactly, I've just made it return the prompt itself.""},""timestamp"":""2026-08-18T19:37:57.119409900Z""}"
8,POSTMAN-ISOLATION-A,b07ea601-c2c7-4645-bd4e-a54312d79ebc,2026-08-18T19:37:57.123565+00:00,1787081877123564000,1787081882080996900,4957.433,200,True,,"{""success"":true,""message"":""Response generated successfully."",""data"":{""requestId"":""b07ea601-c2c7-4645-bd4e-a54312d79ebc"",""response"":""The prompt \""return the same text\"" works fine! Here is the same text again:\n\nreturn the same text""},""timestamp"":""2026-08-18T19:38:02.078067900Z""}"
8,POSTMAN-ISOLATION-B,bea65a9d-ebbf-4640-884d-3242ebbf0f36,2026-08-18T19:37:57.123250+00:00,1787081877123248100,1787081879304179900,2180.931,200,True,,"{""success"":true,""message"":""Response generated successfully."",""data"":{""requestId"":""bea65a9d-ebbf-4640-884d-3242ebbf0f36"",""response"":""The prompt works fine. The same text is returned.""},""timestamp"":""2026-08-18T19:37:59.300475100Z""}"
9,POSTMAN-ISOLATION-A,bb674070-100b-4600-a654-28c256ce90ad,2026-08-18T19:38:02.082069+00:00,1787081882082068800,1787081886236204600,4154.135,200,True,,"{""success"":true,""message"":""Response generated successfully."",""data"":{""requestId"":""bb674070-100b-4600-a654-28c256ce90ad"",""response"":""`prompt()` works fine! Here is the same text: `prompt()` works fine!""},""timestamp"":""2026-08-18T19:38:06.234075700Z""}"
9,POSTMAN-ISOLATION-B,52b809b7-30c6-449c-b7be-eba9f055520f,2026-08-18T19:38:02.081953+00:00,1787081882081951200,1787081883905792700,1823.841,200,True,,"{""success"":true,""message"":""Response generated successfully."",""data"":{""requestId"":""52b809b7-30c6-449c-b7be-eba9f055520f"",""response"":""```\n\""prompt works fine\""\n```""},""timestamp"":""2026-08-18T19:38:03.903249300Z""}"
10,POSTMAN-ISOLATION-A,c6012115-cf3b-414e-95d2-d9a0ed9d09ba,2026-08-18T19:38:06.237419+00:00,1787081886237417500,1787081888905119900,2667.7,200,True,,"{""success"":true,""message"":""Response generated successfully."",""data"":{""requestId"":""c6012115-cf3b-414e-95d2-d9a0ed9d09ba"",""response"":""It's working fine! Here is the same text:\n\nreturn the same text""},""timestamp"":""2026-08-18T19:38:08.894461800Z""}"
10,POSTMAN-ISOLATION-B,f5d18bd7-6e19-487c-a812-80d0171609ac,2026-08-18T19:38:06.237307+00:00,1787081886237305500,1787081890362299300,4124.994,200,True,,"{""success"":true,""message"":""Response generated successfully."",""data"":{""requestId"":""f5d18bd7-6e19-487c-a812-80d0171609ac"",""response"":""```\nThe prompt appears to be working fine.\n```""},""timestamp"":""2026-08-18T19:38:10.359924800Z""}"
11,POSTMAN-ISOLATION-A,d7a5d99d-8b54-41a0-8145-c4e971d64a40,2026-08-18T19:38:10.363511+00:00,1787081890363510000,1787081902324036200,11960.526,200,True,,"{""success"":true,""message"":""Response generated successfully."",""data"":{""requestId"":""d7a5d99d-8b54-41a0-8145-c4e971d64a40"",""response"":""Your prompt is working as expected. Here's the same text back to you: \""prompt works fine.\""""},""timestamp"":""2026-08-18T19:38:22.321932400Z""}"
11,POSTMAN-ISOLATION-B,b3e47429-6646-4c77-b8b1-c1ad206de1d9,2026-08-18T19:38:10.363325+00:00,1787081890363322900,1787081899663209900,9299.887,200,True,,"{""success"":true,""message"":""Response generated successfully."",""data"":{""requestId"":""b3e47429-6646-4c77-b8b1-c1ad206de1d9"",""response"":""`prompt()` is a function that allows your bot to send messages back to the chat. When you use this function, it returns `None`, but the message will be visible in the chat.\n\nSo, in this case, the response should be \""None\"", and you'll see my original message in the chat:\n\n`This is a prompt test`""},""timestamp"":""2026-08-18T19:38:19.661353900Z""}"
12,POSTMAN-ISOLATION-A,a7837041-6ea9-4ef5-a4db-0a127dca2a70,2026-08-18T19:38:22.325188+00:00,1787081902325185900,1787081927863577800,25538.392,200,True,,"{""success"":true,""message"":""Response generated successfully."",""data"":{""requestId"":""a7837041-6ea9-4ef5-a4db-0a127dca2a70"",""response"":""\""prompt works fine\""""},""timestamp"":""2026-08-18T19:38:47.861564400Z""}"
12,POSTMAN-ISOLATION-B,ac2d1d20-6560-4c95-b0c1-d718b3aad139,2026-08-18T19:38:22.325014+00:00,1787081902325011900,1787081927089927900,24764.916,200,True,,"{""success"":true,""message"":""Response generated successfully."",""data"":{""requestId"":""ac2d1d20-6560-4c95-b0c1-d718b3aad139"",""response"":""The `prompt` function is used to ask for user input in JavaScript. When run in a Node.js environment, it actually prints out \""undefined\"" because there's no default value like with other languages' equivalent of this function (like `input()` in Python or `scanf()` in C++). If you want the `prompt` function to return the same text, then yes, it works fine for that purpose. However, keep in mind that while using `prompt` can be useful in certain situations, it's generally considered better practice to create a GUI with a button and an input field if you're looking to get user input from a web page.\n\nHere is a basic example of how the `prompt` function works:\n\n```javascript\nlet userInput = prompt(\""What is your name?\"");\nconsole.log(userInput);\n```\n\nIn this case, if the user clicks \""OK\"", it will log their response. If they click \""Cancel\"", it wil"
13,POSTMAN-ISOLATION-A,093b53d1-286d-4b30-974f-3f36f4a11fdb,2026-08-18T19:38:47.864972+00:00,1787081927864971900,1787081930251487400,2386.515,200,True,,"{""success"":true,""message"":""Response generated successfully."",""data"":{""requestId"":""093b53d1-286d-4b30-974f-3f36f4a11fdb"",""response"":""```\nHello!\n```""},""timestamp"":""2026-08-18T19:38:50.249177200Z""}"
13,POSTMAN-ISOLATION-B,a2ad8522-ed03-475b-be29-afac79d23d4b,2026-08-18T19:38:47.864733+00:00,1787081927864731700,1787081929526877200,1662.145,200,True,,"{""success"":true,""message"":""Response generated successfully."",""data"":{""requestId"":""a2ad8522-ed03-475b-be29-afac79d23d4b"",""response"":""`\""Hello, World!\""`""},""timestamp"":""2026-08-18T19:38:49.524477600Z""}"
14,POSTMAN-ISOLATION-A,7a3cecad-a1c6-465b-b4eb-d8bab21b14c9,2026-08-18T19:38:50.252672+00:00,1787081930252670100,1787081934723464500,4470.795,200,True,,"{""success"":true,""message"":""Response generated successfully."",""data"":{""requestId"":""7a3cecad-a1c6-465b-b4eb-d8bab21b14c9"",""response"":""This is a test of the `/prompt` functionality. It should work as expected and return this very same text.""},""timestamp"":""2026-08-18T19:38:54.721641400Z""}"
14,POSTMAN-ISOLATION-B,194dad33-545b-4eae-94d2-d94346c048d2,2026-08-18T19:38:50.252485+00:00,1787081930252481600,1787081931821238300,1568.757,200,True,,"{""success"":true,""message"":""Response generated successfully."",""data"":{""requestId"":""194dad33-545b-4eae-94d2-d94346c048d2"",""response"":""\""prompt\"" works fine.""},""timestamp"":""2026-08-18T19:38:51.818306Z""}"
15,POSTMAN-ISOLATION-A,32a963dd-7719-4084-b21a-811957cd0579,2026-08-18T19:38:54.725477+00:00,1787081934725476400,1787081936193600200,1468.124,200,True,,"{""success"":true,""message"":""Response generated successfully."",""data"":{""requestId"":""32a963dd-7719-4084-b21a-811957cd0579"",""response"":""This is a test.""},""timestamp"":""2026-08-18T19:38:56.190878800Z""}"
15,POSTMAN-ISOLATION-B,3aece6eb-eb77-4053-a84d-ff5eeff3cfb8,2026-08-18T19:38:54.725334+00:00,1787081934725332200,1787081954561104900,19835.773,200,True,,"{""success"":true,""message"":""Response generated successfully."",""data"":{""requestId"":""3aece6eb-eb77-4053-a84d-ff5eeff3cfb8"",""response"":""The `prompt()` function in JavaScript is used to display a dialog box with the specified message and wait for the user's response before continuing execution of the script.\n\nHere, we'll simply have it return whatever you enter when prompted:\n\n```javascript\nvar input = prompt(\""Enter your text:\"", \""\"");\n\nif (input) {\n    alert(input);\n} else {\n    console.log(\""You haven't entered any text.\"");\n}\n```\n\nIn this example, `prompt()` first appears with the question \""Enter your text:\"" and an empty field. Whatever you type into that field will be stored in `input`. If anything was typed into the input field (i.e., `input` is not empty), it's then displayed back to us via `alert()`.""},""timestamp"":""2026-08-18T19:39:14.559455900Z""}"
16,POSTMAN-ISOLATION-A,51b0fa25-2ae4-4782-a5d2-4032f9dfb3cc,2026-08-18T19:39:14.562233+00:00,1787081954562231700,1787081959099451900,4537.22,200,True,,"{""success"":true,""message"":""Response generated successfully."",""data"":{""requestId"":""51b0fa25-2ae4-4782-a5d2-4032f9dfb3cc"",""response"":""Your prompt appears to be functioning as expected. Here is the same text back to you:\n\n\""Checking if prompt works fine. Return the same text.\""""},""timestamp"":""2026-08-18T19:39:19.097531Z""}"
16,POSTMAN-ISOLATION-B,063d943a-2808-4d1e-879a-60b0d9ac8cc3,2026-08-18T19:39:14.562111+00:00,1787081954562109200,1787081960195611800,5633.502,200,True,,"{""success"":true,""message"":""Response generated successfully."",""data"":{""requestId"":""063d943a-2808-4d1e-879a-60b0d9ac8cc3"",""response"":""```\nThis is a test.\n```""},""timestamp"":""2026-08-18T19:39:20.192778500Z""}"
17,POSTMAN-ISOLATION-A,4dbe4a6f-89f6-432b-8ede-40c567bbc9be,2026-08-18T19:39:20.196891+00:00,1787081960196889300,1787081966967361200,6770.472,200,True,,"{""success"":true,""message"":""Response generated successfully."",""data"":{""requestId"":""4dbe4a6f-89f6-432b-8ede-40c567bbc9be"",""response"":""You entered: \""checking if prompt works fine. return the same text\""\nThe response is: \""checking if prompt works fine. return the same text\""""},""timestamp"":""2026-08-18T19:39:26.965078700Z""}"
17,POSTMAN-ISOLATION-B,a851e7c8-6b71-47d1-8753-766c9756a927,2026-08-18T19:39:20.196660+00:00,1787081960196658700,1787081963137730100,2941.071,200,True,,"{""success"":true,""message"":""Response generated successfully."",""data"":{""requestId"":""a851e7c8-6b71-47d1-8753-766c9756a927"",""response"":""This is a test of the `prompt` function: The prompt function works fine.""},""timestamp"":""2026-08-18T19:39:23.134844300Z""}"
18,POSTMAN-ISOLATION-A,c96dd410-69f4-450d-bb53-ef8e526a9dc9,2026-08-18T19:39:26.968696+00:00,1787081966968694700,1787081969820089200,2851.394,200,True,,"{""success"":true,""message"":""Response generated successfully."",""data"":{""requestId"":""c96dd410-69f4-450d-bb53-ef8e526a9dc9"",""response"":""The prompt works fine. The same text is returned.""},""timestamp"":""2026-08-18T19:39:29.816924700Z""}"
18,POSTMAN-ISOLATION-B,1a3a95bb-123e-4867-b085-1e1147fbb18a,2026-08-18T19:39:26.968422+00:00,1787081966968420300,1787081972846810100,5878.39,200,True,,"{""success"":true,""message"":""Response generated successfully."",""data"":{""requestId"":""1a3a95bb-123e-4867-b085-1e1147fbb18a"",""response"":""The \""prompt\"" function seems to be working as expected! Here is the returned text:\n\nThe prompt function worked fine.""},""timestamp"":""2026-08-18T19:39:32.844493200Z""}"
19,POSTMAN-ISOLATION-A,199a4551-d880-4880-b91d-ab4c25e7c663,2026-08-18T19:39:32.848280+00:00,1787081972848278400,1787081975417087800,2568.809,200,True,,"{""success"":true,""message"":""Response generated successfully."",""data"":{""requestId"":""199a4551-d880-4880-b91d-ab4c25e7c663"",""response"":""This prompt seems to be working as expected.""},""timestamp"":""2026-08-18T19:39:35.414475500Z""}"
19,POSTMAN-ISOLATION-B,201f0488-d5b1-4550-8b97-208542d2118f,2026-08-18T19:39:32.848050+00:00,1787081972848047900,1787081974210568500,1362.521,200,True,,"{""success"":true,""message"":""Response generated successfully."",""data"":{""requestId"":""201f0488-d5b1-4550-8b97-208542d2118f"",""response"":""\""Hello World\""""},""timestamp"":""2026-08-18T19:39:34.207695600Z""}"
20,POSTMAN-ISOLATION-A,638a7274-7a23-4093-b5de-c2c5a5c049f8,2026-08-18T19:39:35.418464+00:00,1787081975418463300,1787081980841973100,5423.51,200,True,,"{""success"":true,""message"":""Response generated successfully."",""data"":{""requestId"":""638a7274-7a23-4093-b5de-c2c5a5c049f8"",""response"":""`Hello from you!`""},""timestamp"":""2026-08-18T19:39:40.839488700Z""}"
20,POSTMAN-ISOLATION-B,d67dbfcf-0cf4-4a00-999c-fdf727a6ee67,2026-08-18T19:39:35.418218+00:00,1787081975418216500,1787081979980886200,4562.671,200,True,,"{""success"":true,""message"":""Response generated successfully."",""data"":{""requestId"":""d67dbfcf-0cf4-4a00-999c-fdf727a6ee67"",""response"":""It seems to be working properly! Here's the same text back at you:\n\n\""checking if prompt works fine. return the same text\""""},""timestamp"":""2026-08-18T19:39:39.978845900Z""}"
